{"cameraMode":{"drawMode":0,"name":"Shaded","section":"Shading Mode"},"sceneLighting":false,"audioPlay":false,"sceneViewState":{"m_AlwaysRefresh":false,"showFog":true,"showSkybox":false,"showFlares":true,"showImageEffects":true,"showParticleSystems":true,"showVisualEffectGraphs":true,"m_FxEnabled":true},"in2DMode":false,"pivot":{"x":-5.2053608894348148,"y":-18.52886390686035,"z":30.634395599365236},"rotation":{"x":0.32076260447502139,"y":-0.04969559609889984,"z":0.01685582660138607,"w":0.9457124471664429},"size":33.529991149902347,"orthographic":false}